scope,as_of_date,decision,is_forced,first_released_at
macro,2026-07-31,PASS,false,2026-10-09 11:23:37
macro,2026-08-31,PASS,false,2026-10-09 11:23:39
macro,2026-09-30,PASS,false,2026-10-09 11:23:40
micro,2026-07-07,PASS,false,2026-10-09 11:23:41
micro,2026-07-14,PASS,false,2026-10-09 11:23:42
micro,2026-07-21,PASS,false,2026-10-09 11:23:43
micro,2026-07-28,WARN,false,2026-10-09 11:23:44
micro,2026-08-04,PASS,false,2026-10-09 11:23:45
micro,2026-08-11,PASS,false,2026-10-09 11:23:47
micro,2026-08-18,WARN,false,2026-10-09 11:23:48
micro,2026-08-25,PASS,false,2026-10-09 11:23:49
micro,2026-09-01,PASS,false,2026-10-09 11:23:50
micro,2026-09-08,WARN,false,2026-10-09 11:23:51
micro,2026-09-15,WARN,false,2026-10-09 11:23:53
micro,2026-09-22,WARN,false,2026-10-09 11:23:54
micro,2026-09-29,PASS,false,2026-10-09 11:23:55
