macro_row_id,report_month,as_of_date,market,macro_category,currency_code,n_products,min_price,median_price,mean_price,max_price,lfl_n_products,lfl_mean_change,lfl_ratio_of_means,lfl_share_increased
e58ec8c8079cbfb69a1e68510ed63f76,2026-07-01,2026-07-31,ARE,Accessories,AED,381,510.00,1800.00,2482.32,18050.00,0,,,
9ff77c4daf07e5c55c4d20a8bba15cc5,2026-07-01,2026-07-31,ARE,Bags,AED,279,1200.00,9950.00,9990.14,49450.00,0,,,
cc44f357b956ae7b407b40f51142396b,2026-07-01,2026-07-31,ARE,Shoes,AED,226,1600.00,4300.00,4472.35,14400.00,0,,,
e5ffa00e524368373a0697cfc0df0a05,2026-07-01,2026-07-31,ARE,Small Leather Goods,AED,190,835.00,2000.00,2921.05,16550.00,0,,,
af69948a4283f8b57c4ca3df9828d615,2026-07-01,2026-07-31,AUS,Accessories,AUD,385,205.00,725.00,952.92,7150.00,0,,,
15d82b951f768f1ca97155535af359f4,2026-07-01,2026-07-31,AUS,Bags,AUD,274,450.00,3990.00,4037.32,18380.00,0,,,
4118ac77cfffddadcfca17fe4a73b85f,2026-07-01,2026-07-31,AUS,Shoes,AUD,220,670.00,1680.00,1786.05,5730.00,0,,,
2b670b31b733447dc2f3309f3490eb2d,2026-07-01,2026-07-31,AUS,Small Leather Goods,AUD,184,310.00,805.00,1149.43,6500.00,0,,,
0483fb574c3ea9364312d681cf09eaa5,2026-07-01,2026-07-31,CAN,Accessories,CAD,389,185.00,650.00,872.34,6570.00,0,,,
12d0f1fe3fc1a5414762ac1b837e7850,2026-07-01,2026-07-31,CAN,Bags,CAD,281,425.00,3560.00,3633.17,18060.00,0,,,
69810c573f3bb23dce6b7e1d1a8d3ec3,2026-07-01,2026-07-31,CAN,Shoes,CAD,218,575.00,1550.00,1626.47,5050.00,0,,,
f5af6f3ee17fe038f2cca36a9cae0f5e,2026-07-01,2026-07-31,CAN,Small Leather Goods,CAD,191,300.00,760.00,1056.36,5560.00,0,,,
87c21b24c205401de8654f432b796a72,2026-07-01,2026-07-31,CHN,Accessories,CNY,298,1100.00,3800.00,5092.28,34800.00,0,,,
64fa9eee5b7da3685fd36c6669027bb0,2026-07-01,2026-07-31,CHN,Bags,CNY,216,2400.00,20500.00,20952.31,100100.00,0,,,
0e953a3616399bc6f5b9dde118715b35,2026-07-01,2026-07-31,CHN,Shoes,CNY,164,3400.00,9100.00,9542.68,30300.00,0,,,
e02ffcb816c39db2bf805024fde207da,2026-07-01,2026-07-31,CHN,Small Leather Goods,CNY,136,2200.00,4500.00,6216.18,34300.00,0,,,
f36a3295236c21b9ed5819ec0d84f9f4,2026-07-01,2026-07-31,FRA,Accessories,EUR,395,110.00,395.00,530.87,4050.00,0,,,
23f16dee8ed9819b9074a25d2ab6e99f,2026-07-01,2026-07-31,FRA,Bags,EUR,283,260.00,2150.00,2185.14,10600.00,0,,,
70e0031974096692aa52898474d540f3,2026-07-01,2026-07-31,FRA,Shoes,EUR,219,350.00,940.00,964.95,2600.00,0,,,
79ed36e89008136ec6d5e7c4af31341d,2026-07-01,2026-07-31,FRA,Small Leather Goods,EUR,195,180.00,450.00,638.67,3600.00,0,,,
5a0b338cf09e5234e389fe688914d712,2026-07-01,2026-07-31,GBR,Accessories,GBP,392,100.00,360.00,484.13,3690.00,0,,,
389da870b8ee8f2ac429e935ab229d8d,2026-07-01,2026-07-31,GBR,Bags,GBP,285,230.00,1990.00,2002.98,9320.00,0,,,
fde9461464d81e7a17fbdfc01b41c1d1,2026-07-01,2026-07-31,GBR,Shoes,GBP,219,315.00,845.00,886.39,2730.00,0,,,
767c43696d365c1c0585b045e3b35301,2026-07-01,2026-07-31,GBR,Small Leather Goods,GBP,194,160.00,390.00,586.98,3180.00,0,,,
d613292411de965c252f6b9dec3a7437,2026-07-01,2026-07-31,HKG,Accessories,HKD,377,1100.00,3800.00,5235.28,38300.00,0,,,
b818d5a8a673bc1e387a9e9b5a51d851,2026-07-01,2026-07-31,HKG,Bags,HKD,284,2400.00,20900.00,20980.99,102200.00,0,,,
15690e517fc699eac8ecd320c38d5948,2026-07-01,2026-07-31,HKG,Shoes,HKD,219,3300.00,9100.00,9321.46,29300.00,0,,,
cd3c728f0901d5ee63e4bb9bad909cca,2026-07-01,2026-07-31,HKG,Small Leather Goods,HKD,178,1700.00,4100.00,6053.37,35900.00,0,,,
645e221c35e0fe2e39311ec7d43c3b66,2026-07-01,2026-07-31,JPN,Accessories,JPY,402,20300.00,72800.00,96482.84,730800.00,0,,,
be12d168aa9d2301ce275009418ebf5c,2026-07-01,2026-07-31,JPN,Bags,JPY,287,46700.00,401400.00,409101.74,1995900.00,0,,,
19eaddfd51f210949feebd1bbb8fa0e0,2026-07-01,2026-07-31,JPN,Shoes,JPY,224,66100.00,170900.00,178272.77,574000.00,0,,,
ed11501f22f87271b88f375e71c7d85f,2026-07-01,2026-07-31,JPN,Small Leather Goods,JPY,196,32000.00,80800.00,118232.14,658400.00,0,,,
4c27c679095f2f20a390572d378b25ee,2026-07-01,2026-07-31,KOR,Accessories,KRW,388,190000.00,680000.00,936855.67,7050000.00,0,,,
59d3fc7b3cb8984b7dd6e19c83d42ddf,2026-07-01,2026-07-31,KOR,Bags,KRW,283,460000.00,3810000.00,3832685.51,18600000.00,0,,,
502dc59d43cdb4f5c0e8b394da4b2ae8,2026-07-01,2026-07-31,KOR,Shoes,KRW,220,600000.00,1620000.00,1696772.73,5470000.00,0,,,
39fcc82e725c29f9f814c96815d5500c,2026-07-01,2026-07-31,KOR,Small Leather Goods,KRW,189,310000.00,780000.00,1118412.70,6310000.00,0,,,
648037415f7e29b5139c45556712682a,2026-07-01,2026-07-31,MEX,Accessories,MXN,87,3300.00,10900.00,13665.52,84400.00,0,,,
0dca81c400fbf96472cbb23158b25105,2026-07-01,2026-07-31,MEX,Bags,MXN,64,7100.00,64000.00,63446.88,283500.00,0,,,
2ebafe47719f6a3cd42940edd51ac8c9,2026-07-01,2026-07-31,MEX,Shoes,MXN,56,9300.00,26300.00,27537.50,83600.00,0,,,
9b0ab51c49137253443a3978e63052f0,2026-07-01,2026-07-31,MEX,Small Leather Goods,MXN,56,6200.00,10500.00,16521.43,66800.00,0,,,
8f0f36d3b557df58662d3bc0c8276bf1,2026-07-01,2026-07-31,MYS,Accessories,MYR,375,610.00,2100.00,2811.41,22350.00,0,,,
94aff8b2d8cc7736102294288aff3b34,2026-07-01,2026-07-31,MYS,Bags,MYR,282,1300.00,11450.00,11484.75,58300.00,0,,,
788f587ee645ac910587cd8c5b367a34,2026-07-01,2026-07-31,MYS,Shoes,MYR,217,1900.00,4950.00,5130.88,16000.00,0,,,
348e010a247bb21e5e953657c843fa97,2026-07-01,2026-07-31,MYS,Small Leather Goods,MYR,187,940.00,2350.00,3465.45,18600.00,0,,,
7442a503610d733c2ff868b5cd0114fa,2026-07-01,2026-07-31,SAU,Accessories,SAR,387,545.00,1950.00,2600.65,19750.00,0,,,
4caae2b59eb94ec4f2331925e652c7d0,2026-07-01,2026-07-31,SAU,Bags,SAR,282,1250.00,10500.00,10760.28,52050.00,0,,,
9984bdf4a6bd115639205c94fd1e145d,2026-07-01,2026-07-31,SAU,Shoes,SAR,214,1700.00,4650.00,4848.36,15150.00,0,,,
5f5cf46bc4c52adac864738d213b324b,2026-07-01,2026-07-31,SAU,Small Leather Goods,SAR,192,885.00,2150.00,3067.11,16150.00,0,,,
a8f8eb447326f61ab4626e16c989c66e,2026-07-01,2026-07-31,SGP,Accessories,SGD,381,180.00,660.00,887.93,6860.00,0,,,
55e2c652a129c9fc908231464ec13b51,2026-07-01,2026-07-31,SGP,Bags,SGD,271,435.00,3650.00,3706.88,17090.00,0,,,
1c04d54141c5df85c1820b16e9946aff,2026-07-01,2026-07-31,SGP,Shoes,SGD,218,620.00,1560.00,1626.40,5230.00,0,,,
b93f5dd1180a4f41ed9ec2fd0a9952f1,2026-07-01,2026-07-31,SGP,Small Leather Goods,SGD,189,340.00,785.00,1087.94,5900.00,0,,,
aea04aa3e1f65e4e238543984e53f178,2026-07-01,2026-07-31,THA,Accessories,THB,385,4500.00,16700.00,22288.31,159800.00,0,,,
057af9841cca926017d11eded4eefb4b,2026-07-01,2026-07-31,THA,Bags,THB,285,11300.00,92500.00,93157.89,462700.00,0,,,
287b84fc8fcccc16f4296f36e98f32f6,2026-07-01,2026-07-31,THA,Shoes,THB,225,15000.00,39600.00,41523.11,129700.00,0,,,
c11f20871f811102e5011c4fe94df499,2026-07-01,2026-07-31,THA,Small Leather Goods,THB,187,7700.00,19300.00,27204.81,142300.00,0,,,
30ef377885d56a5120265f661b4c76e6,2026-07-01,2026-07-31,TWN,Accessories,TWD,382,4000.00,15500.00,20545.03,150400.00,0,,,
8b3913215167b3b3ef1122e444d322d7,2026-07-01,2026-07-31,TWN,Bags,TWD,286,10000.00,86500.00,87371.33,412800.00,0,,,
979f17ad1944bfa2796113d3ca929507,2026-07-01,2026-07-31,TWN,Shoes,TWD,213,13900.00,36900.00,38537.56,125400.00,0,,,
ef68d5b93238cb3bff218971ae56a1a9,2026-07-01,2026-07-31,TWN,Small Leather Goods,TWD,188,6900.00,16800.00,25428.19,142600.00,0,,,
35adac791393510159aa2e73faa9cef8,2026-07-01,2026-07-31,USA,Accessories,USD,415,135.00,500.00,665.57,5330.00,0,,,
37d8864d72c63efe0ea03062bda52a98,2026-07-01,2026-07-31,USA,Bags,USD,291,310.00,2700.00,2753.83,13070.00,0,,,
25e5138b97f9eed191d5cc271cee1721,2026-07-01,2026-07-31,USA,Shoes,USD,235,445.00,1180.00,1228.19,3840.00,0,,,
3917022391eddd37b6cc0a1ab3b0040b,2026-07-01,2026-07-31,USA,Small Leather Goods,USD,200,225.00,545.00,805.80,4600.00,0,,,
7e8c819c94cf1d94eee453924dc4e034,2026-08-01,2026-08-31,ARE,Accessories,AED,381,490.00,1800.00,2504.42,20000.00,372,0.0009,0.0027,0.0108
10a464f42dc6a89dcec45dbdeee796e2,2026-08-01,2026-08-31,ARE,Bags,AED,286,1200.00,9850.00,9992.13,49450.00,275,0.0007,0.0008,0.0073
455be365bd2e2e08626168bc69da79c7,2026-08-01,2026-08-31,ARE,Shoes,AED,232,1600.00,4300.00,4462.93,14400.00,221,-0.0006,-0.0004,0.0045
a14351e7e6895c93857010189633ce40,2026-08-01,2026-08-31,ARE,Small Leather Goods,AED,190,835.00,1950.00,2971.84,16550.00,185,0.0000,0.0000,0.0000
ae4703e63197ab89fa3fb530aee91664,2026-08-01,2026-08-31,AUS,Accessories,AUD,389,175.00,720.00,958.89,7560.00,376,0.0007,0.0022,0.0080
185cdd5caa14c95071b57d55a71fe9d2,2026-08-01,2026-08-31,AUS,Bags,AUD,281,450.00,3990.00,4026.83,18380.00,270,0.0000,0.0000,0.0000
dfa56da7ad43ead1519b7ca6c1a1870a,2026-08-01,2026-08-31,AUS,Shoes,AUD,228,670.00,1670.00,1777.81,5730.00,216,-0.0003,0.0001,0.0046
f3873e1a72a4560fc3336aad59735da0,2026-08-01,2026-08-31,AUS,Small Leather Goods,AUD,187,310.00,785.00,1169.55,6500.00,180,0.0000,0.0000,0.0000
eb6307882586d59b02eed2ad25ffaf3f,2026-08-01,2026-08-31,CAN,Accessories,CAD,389,175.00,650.00,878.91,7280.00,379,0.0009,0.0027,0.0106
5df09ee035468fd8b27cc628ee72c749,2026-08-01,2026-08-31,CAN,Bags,CAD,285,425.00,3580.00,3638.19,18060.00,277,0.0007,0.0007,0.0072
ee1a3b7703ff6258170d0a259c6b12a1,2026-08-01,2026-08-31,CAN,Shoes,CAD,225,575.00,1550.00,1619.73,5050.00,213,-0.0003,0.0001,0.0047
6fdea6448975fbd8db30f6cb625a9345,2026-08-01,2026-08-31,CAN,Small Leather Goods,CAD,190,300.00,735.00,1077.79,5560.00,186,0.0000,0.0000,0.0000
0a83f1f37fe65c8c033c13f7afbaca9e,2026-08-01,2026-08-31,CHN,Accessories,CNY,295,1100.00,3800.00,5162.37,34800.00,290,0.0004,0.0006,0.0069
0fb0c0902b29b799861cc2b96cafc1d2,2026-08-01,2026-08-31,CHN,Bags,CNY,222,2400.00,20500.00,20968.92,100100.00,213,0.0002,0.0003,0.0047
432f4ae9d063946437aafa21fa6861c0,2026-08-01,2026-08-31,CHN,Shoes,CNY,172,3400.00,9100.00,9511.63,30300.00,161,-0.0008,-0.0006,0.0062
d2c2f91510ef17b952d71eca2f341afc,2026-08-01,2026-08-31,CHN,Small Leather Goods,CNY,133,2200.00,4500.00,6409.02,34300.00,130,0.0000,0.0000,0.0000
597ec21197f643a953606202d9816059,2026-08-01,2026-08-31,FRA,Accessories,EUR,394,105.00,395.00,535.03,4490.00,385,0.0007,0.0026,0.0104
8c3abbda7042a613b9626837862f5649,2026-08-01,2026-08-31,FRA,Bags,EUR,286,260.00,2150.00,2187.83,10600.00,278,0.0007,0.0007,0.0072
a16e348e7caa2c390dde65516ecc460e,2026-08-01,2026-08-31,FRA,Shoes,EUR,225,350.00,940.00,965.51,2600.00,213,-0.0007,-0.0005,0.0047
513879db718d8ff913ab1cfb7edede72,2026-08-01,2026-08-31,FRA,Small Leather Goods,EUR,195,180.00,435.00,649.41,3600.00,189,0.0000,0.0000,0.0000
a9f774bf041e275537707547480dfaed,2026-08-01,2026-08-31,GBR,Accessories,GBP,390,95.00,360.00,489.03,4090.00,382,0.0007,0.0026,0.0105
e834069184908042321a59ce84a5664b,2026-08-01,2026-08-31,GBR,Bags,GBP,293,230.00,1990.00,2000.94,9320.00,282,0.0007,0.0007,0.0071
cd5f267262b9f823f23be510e346460f,2026-08-01,2026-08-31,GBR,Shoes,GBP,226,315.00,840.00,883.63,2730.00,214,-0.0007,-0.0005,0.0047
89dd39a8681a76362018b0d587de874d,2026-08-01,2026-08-31,GBR,Small Leather Goods,GBP,195,160.00,390.00,596.41,3180.00,190,0.0000,0.0000,0.0000
f8cf0965854feea5f1d94186370d550a,2026-08-01,2026-08-31,HKG,Accessories,HKD,377,1000.00,3800.00,5281.96,42500.00,368,0.0008,0.0027,0.0109
b5ed3d5738b442a7eaa184aa3ad0469e,2026-08-01,2026-08-31,HKG,Bags,HKD,288,2400.00,20800.00,20963.89,102200.00,279,0.0007,0.0007,0.0072
61434c24694e291eda726e81e1286b07,2026-08-01,2026-08-31,HKG,Shoes,HKD,225,3300.00,9100.00,9320.44,29300.00,214,-0.0007,-0.0005,0.0047
aa02c0fa191abefb8872946db9a8246f,2026-08-01,2026-08-31,HKG,Small Leather Goods,HKD,180,1700.00,3900.00,6148.89,35900.00,174,0.0000,0.0000,0.0000
3ae811ab028998bf5b3640226c635c8e,2026-08-01,2026-08-31,JPN,Accessories,JPY,402,18400.00,72500.00,97380.35,809600.00,393,0.0007,0.0025,0.0102
f131ac1454d66dbca397e7224fcc4030,2026-08-01,2026-08-31,JPN,Bags,JPY,295,46700.00,401400.00,407873.56,1995900.00,284,0.0007,0.0007,0.0070
bc0b6831e160ead4da310195c4798334,2026-08-01,2026-08-31,JPN,Shoes,JPY,229,66100.00,170200.00,177540.17,574000.00,218,-0.0007,-0.0005,0.0046
76d12263a0d02886bc5bbba41641cc63,2026-08-01,2026-08-31,JPN,Small Leather Goods,JPY,197,32000.00,80500.00,120260.91,658400.00,192,0.0000,0.0000,0.0000
d63186efcf657ad1e0af393290700a70,2026-08-01,2026-08-31,KOR,Accessories,KRW,388,180000.00,680000.00,945850.52,7810000.00,379,0.0007,0.0026,0.0106
c4f5bee717b9ed651678905e6be8d644,2026-08-01,2026-08-31,KOR,Bags,KRW,288,460000.00,3810000.00,3836944.44,18600000.00,279,0.0007,0.0007,0.0072
97127816311397b0f8e7fe99f3764868,2026-08-01,2026-08-31,KOR,Shoes,KRW,227,600000.00,1620000.00,1692643.17,5470000.00,215,-0.0006,-0.0004,0.0047
e3d4daa9abffa834ff8a69b81665a728,2026-08-01,2026-08-31,KOR,Small Leather Goods,KRW,190,310000.00,750000.00,1136684.21,6310000.00,185,0.0000,0.0000,0.0000
02b5cccd6996a95c7366a6f1fec1e664,2026-08-01,2026-08-31,MEX,Accessories,MXN,88,3300.00,10900.00,13555.68,84400.00,85,-0.0016,-0.0015,0.0000
ca9045a54182084e8f9163399d27a9f0,2026-08-01,2026-08-31,MEX,Bags,MXN,68,7100.00,64000.00,63610.29,283500.00,64,0.0000,0.0000,0.0000
43178b6289909d21ba5df42e9833d31b,2026-08-01,2026-08-31,MEX,Shoes,MXN,57,9300.00,26700.00,27747.37,83600.00,53,0.0000,0.0000,0.0000
4107e544c1324e24e71f777d2b7b517c,2026-08-01,2026-08-31,MEX,Small Leather Goods,MXN,55,6200.00,10500.00,16570.91,66800.00,55,0.0000,0.0000,0.0000
231359dacb01b04590f2c22ba00ed81d,2026-08-01,2026-08-31,MYS,Accessories,MYR,376,560.00,2100.00,2826.25,24750.00,367,0.0004,0.0025,0.0082
a5097c10169cc1c2ad8cd5b77f9785a2,2026-08-01,2026-08-31,MYS,Bags,MYR,288,1300.00,11400.00,11454.51,58300.00,279,0.0007,0.0008,0.0072
be650c464ceec1f65bd62a8dfce4c5bb,2026-08-01,2026-08-31,MYS,Shoes,MYR,225,1900.00,4900.00,5103.33,16000.00,213,-0.0007,-0.0005,0.0047
0d3b8626fa03b43504662e56c766742a,2026-08-01,2026-08-31,MYS,Small Leather Goods,MYR,188,940.00,2300.00,3520.96,18600.00,183,0.0000,0.0000,0.0000
34f12c7c50f3024a69073e529f43bf5b,2026-08-01,2026-08-31,SAU,Accessories,SAR,389,515.00,1950.00,2623.77,21900.00,380,0.0007,0.0026,0.0105
8d11e40128bcd4d0192464a39a016557,2026-08-01,2026-08-31,SAU,Bags,SAR,292,1250.00,10500.00,10763.18,52050.00,278,0.0007,0.0007,0.0072
01a9fb43c89e4f8733515eccb2b76d04,2026-08-01,2026-08-31,SAU,Shoes,SAR,224,1700.00,4600.00,4800.89,15150.00,210,-0.0010,-0.0010,0.0000
6c452e02daaac1079c0ba1c1c11b41a4,2026-08-01,2026-08-31,SAU,Small Leather Goods,SAR,192,885.00,2050.00,3123.88,16150.00,187,0.0000,0.0000,0.0000
3b303b7074ad9a2f07ecf25ef82aa52b,2026-08-01,2026-08-31,SGP,Accessories,SGD,385,180.00,655.00,901.52,7590.00,373,0.0007,0.0026,0.0107
456b266a7b034e2cd66f86305b6ccb90,2026-08-01,2026-08-31,SGP,Bags,SGD,279,435.00,3620.00,3698.49,17090.00,268,0.0003,0.0002,0.0037
9db321aa4bb49146cd427cda6ab6148e,2026-08-01,2026-08-31,SGP,Shoes,SGD,227,620.00,1570.00,1626.30,5230.00,213,-0.0007,-0.0005,0.0047
1b3a76e0a73638cfa091c2cb806db6ef,2026-08-01,2026-08-31,SGP,Small Leather Goods,SGD,189,340.00,755.00,1105.77,5900.00,183,0.0000,0.0000,0.0000
c70d459daa71146785077200171c10b1,2026-08-01,2026-08-31,THA,Accessories,THB,392,4500.00,16700.00,22754.85,189200.00,378,0.0004,0.0005,0.0079
e55f392261ac95880af43d99caf8dcc2,2026-08-01,2026-08-31,THA,Bags,THB,291,11300.00,91700.00,92888.32,462700.00,282,0.0007,0.0007,0.0071
ae039cbf65cacf4a49e56eaf224f1bd0,2026-08-01,2026-08-31,THA,Shoes,THB,232,15000.00,39400.00,41375.43,129700.00,220,-0.0006,-0.0005,0.0046
fa922a5bdc76a99bca63b34bdcead2c4,2026-08-01,2026-08-31,THA,Small Leather Goods,THB,188,7700.00,18800.00,27435.11,142300.00,182,0.0000,0.0000,0.0000
85b90d6936771edb8b429688d075dec0,2026-08-01,2026-08-31,TWN,Accessories,TWD,382,4000.00,15500.00,21006.81,150400.00,372,0.0003,0.0001,0.0054
05603870d04fde2df55457b2ad2cc243,2026-08-01,2026-08-31,TWN,Bags,TWD,293,10000.00,86800.00,87473.38,412800.00,282,0.0007,0.0007,0.0071
4b4b63868cadd287d07c7094cca12ba9,2026-08-01,2026-08-31,TWN,Shoes,TWD,221,13900.00,36900.00,38437.56,125400.00,208,-0.0003,0.0000,0.0048
6d0ba474ade1096693f8d2a30240ae21,2026-08-01,2026-08-31,TWN,Small Leather Goods,TWD,189,6900.00,16100.00,25852.38,142600.00,184,0.0000,0.0000,0.0000
9996fb5b25fe7c57b8bb112f1423b69f,2026-08-01,2026-08-31,USA,Accessories,USD,416,135.00,500.00,676.47,5900.00,406,0.0006,0.0025,0.0099
c018efe13e0512246dbe8fd3618a2ca8,2026-08-01,2026-08-31,USA,Bags,USD,297,310.00,2690.00,2753.28,13070.00,287,0.0007,0.0007,0.0070
79016e870c52784c37014d1d7346fb27,2026-08-01,2026-08-31,USA,Shoes,USD,242,445.00,1180.00,1225.33,3840.00,230,-0.0006,-0.0004,0.0044
7c85013cbe0c51ba9ccb0e76ef6f90e0,2026-08-01,2026-08-31,USA,Small Leather Goods,USD,200,225.00,525.00,819.33,4600.00,195,0.0000,0.0000,0.0000
721abcdc1dd84b10276933c45c7f0eb3,2026-09-01,2026-09-30,ARE,Accessories,AED,388,490.00,1800.00,2508.44,20000.00,372,0.0046,0.0098,0.0753
e163e267c2b9ed4649ed6065a0c5819e,2026-09-01,2026-09-30,ARE,Bags,AED,291,1200.00,10450.00,10496.22,52400.00,285,0.0524,0.0529,0.8667
cfdffa9812faa453b3f3245d0bb01a0f,2026-09-01,2026-09-30,ARE,Shoes,AED,231,1600.00,4300.00,4465.37,14400.00,226,-0.0005,-0.0004,0.0000
2f9f0234305db723d57baf89e4ab4b8f,2026-09-01,2026-09-30,ARE,Small Leather Goods,AED,191,890.00,1950.00,3076.78,17550.00,185,0.0492,0.0472,0.8054
d3e894e917a3af1f56948b57b37e8339,2026-09-01,2026-09-30,AUS,Accessories,AUD,396,175.00,720.00,963.22,7580.00,379,0.0044,0.0097,0.0712
4a106fb03ac1a5a739612abbc7e0c1be,2026-09-01,2026-09-30,AUS,Bags,AUD,286,450.00,4170.00,4229.90,19480.00,280,0.0525,0.0529,0.8679
f1616c709ba23d2fb6c8039c6b048344,2026-09-01,2026-09-30,AUS,Shoes,AUD,229,670.00,1680.00,1780.39,5730.00,224,-0.0005,-0.0005,0.0000
a9b470ea16b0c0036de3299498676428,2026-09-01,2026-09-30,AUS,Small Leather Goods,AUD,190,330.00,805.00,1210.50,6890.00,184,0.0485,0.0470,0.8044
662225148584ad149fab292efe100159,2026-09-01,2026-09-30,CAN,Accessories,CAD,397,175.00,650.00,877.73,7280.00,378,0.0039,0.0083,0.0635
f842f193fab3c23a73992b91190fe957,2026-09-01,2026-09-30,CAN,Bags,CAD,290,440.00,3720.00,3817.55,19150.00,284,0.0515,0.0516,0.8486
d06c7231b37a165df849cf690114915e,2026-09-01,2026-09-30,CAN,Shoes,CAD,227,575.00,1550.00,1617.80,5050.00,221,-0.0005,-0.0005,0.0000
1a6e306074e5a0464249a4aff681fe2a,2026-09-01,2026-09-30,CAN,Small Leather Goods,CAD,192,315.00,780.00,1114.71,5900.00,186,0.0475,0.0464,0.7957
f66b23db3b8157801bee0d340290ee7c,2026-09-01,2026-09-30,CHN,Accessories,CNY,296,1100.00,3800.00,5136.49,29600.00,286,0.0036,0.0078,0.0699
e931f8d2d0a6bdfc38b55cd3519a06c3,2026-09-01,2026-09-30,CHN,Bags,CNY,226,2400.00,21400.00,21788.94,105100.00,221,0.0434,0.0438,0.8552
996bbe4b925c149cf030bea1d3b5bc99,2026-09-01,2026-09-30,CHN,Shoes,CNY,173,3400.00,9100.00,9519.65,30300.00,167,-0.0007,-0.0006,0.0000
22ba436335fe9351c6e1d2ccdc1bc7d9,2026-09-01,2026-09-30,CHN,Small Leather Goods,CNY,137,1800.00,4800.00,6567.88,36000.00,132,0.0414,0.0408,0.8258
6d3ea87f853200826e0f842527f26943,2026-09-01,2026-09-30,FRA,Accessories,EUR,404,105.00,395.00,544.08,4490.00,385,0.0042,0.0092,0.0675
4e5239ca7a1b33a8157fd0fd47163597,2026-09-01,2026-09-30,FRA,Bags,EUR,292,260.00,2280.00,2293.97,11250.00,285,0.0514,0.0520,0.8526
c3c721c3e98ad109a82e6cf2438d1efc,2026-09-01,2026-09-30,FRA,Shoes,EUR,226,350.00,950.00,965.75,2600.00,219,-0.0005,-0.0005,0.0000
906560f590776f60cb80ca36b10919de,2026-09-01,2026-09-30,FRA,Small Leather Goods,EUR,197,190.00,425.00,671.17,3820.00,191,0.0482,0.0470,0.8011
82c452aed8d160b5431c8cf11a4a6b8e,2026-09-01,2026-09-30,GBR,Accessories,GBP,398,95.00,360.00,489.72,4090.00,379,0.0041,0.0089,0.0686
96e0476bed9688e3c4258b706ff937bd,2026-09-01,2026-09-30,GBR,Bags,GBP,298,230.00,2070.00,2101.29,9880.00,292,0.0523,0.0525,0.8596
aab7d9a288104e1bed1a266e65587ccd,2026-09-01,2026-09-30,GBR,Shoes,GBP,228,315.00,845.00,884.76,2730.00,222,-0.0005,-0.0005,0.0000
f0f920fa11fabbd81661d4171fb09e6c,2026-09-01,2026-09-30,GBR,Small Leather Goods,GBP,197,170.00,405.00,617.94,3370.00,191,0.0491,0.0481,0.8115
c0657270a346305b20adba6687db550a,2026-09-01,2026-09-30,HKG,Accessories,HKD,386,1000.00,3800.00,5256.22,42500.00,370,0.0043,0.0094,0.0703
a08295bfe47039a174a7634b70aeddfa,2026-09-01,2026-09-30,HKG,Bags,HKD,294,2400.00,21800.00,22000.34,108400.00,287,0.0512,0.0517,0.8467
0e7d2a97d4aa2a50bdb4e703a5f9da90,2026-09-01,2026-09-30,HKG,Shoes,HKD,225,3300.00,9100.00,9330.67,29300.00,219,-0.0005,-0.0005,0.0000
6b71aa886cf82d621fe4b81c4b6fafba,2026-09-01,2026-09-30,HKG,Small Leather Goods,HKD,180,1800.00,4100.00,6389.44,38100.00,175,0.0476,0.0487,0.8057
a86ebddc4444c9543a58b5865ee88e7e,2026-09-01,2026-09-30,JPN,Accessories,JPY,409,18400.00,73000.00,96975.31,809600.00,392,0.0056,0.0119,0.0689
cd5ab95830142079e3cde71ab5a77c99,2026-09-01,2026-09-30,JPN,Bags,JPY,300,46700.00,430100.00,435565.67,2155600.00,294,0.0696,0.0703,0.8640
291746179f60ae945aa3620b3df62161,2026-09-01,2026-09-30,JPN,Shoes,JPY,231,66100.00,172200.00,177919.91,574000.00,223,-0.0005,-0.0005,0.0000
eee6f66fe48676013b66375804a9eb61,2026-09-01,2026-09-30,JPN,Small Leather Goods,JPY,200,34600.00,83200.00,125981.50,711100.00,193,0.0655,0.0639,0.8135
072856620da61526e6802afca5b58316,2026-09-01,2026-09-30,KOR,Accessories,KRW,396,180000.00,680000.00,944368.69,7810000.00,379,0.0035,0.0079,0.0686
f170fc00843b86978642058ff6babb60,2026-09-01,2026-09-30,KOR,Bags,KRW,292,460000.00,3990000.00,3999623.29,19530000.00,287,0.0434,0.0438,0.8571
e91dadf3a3777c815fe659ed909921e5,2026-09-01,2026-09-30,KOR,Shoes,KRW,227,600000.00,1630000.00,1694273.13,5470000.00,221,-0.0005,-0.0005,0.0000
63b79d64e6b11be1501e191c1ed4aed6,2026-09-01,2026-09-30,KOR,Small Leather Goods,KRW,192,320000.00,780000.00,1167135.42,6620000.00,186,0.0395,0.0388,0.7957
e74c86e99bbd6c67299052336e7457ce,2026-09-01,2026-09-30,MEX,Accessories,MXN,89,3300.00,11100.00,14003.37,89500.00,86,0.0035,0.0124,0.0581
2d43c6a0d9be90454c1458b9a4a53525,2026-09-01,2026-09-30,MEX,Bags,MXN,68,7600.00,67000.00,66854.41,300500.00,68,0.0510,0.0510,0.8088
44bb8c1cfb4a3994d83da785f2aaca6f,2026-09-01,2026-09-30,MEX,Shoes,MXN,57,9300.00,26300.00,27654.39,83600.00,56,0.0000,0.0000,0.0000
56dcadd01d8205877b3a5bc7a571d224,2026-09-01,2026-09-30,MEX,Small Leather Goods,MXN,56,5300.00,10900.00,16616.07,66800.00,54,0.0490,0.0431,0.8148
76ae7bc3e59d0dc27aa2c54fabba50a4,2026-09-01,2026-09-30,MYS,Accessories,MYR,386,560.00,2100.00,2819.69,24750.00,368,0.0042,0.0088,0.0679
3cc6cf7214c7831f07d65ed69fb5e6d3,2026-09-01,2026-09-30,MYS,Bags,MYR,291,1300.00,12050.00,12033.68,61800.00,287,0.0527,0.0532,0.8676
69683126690601a10dea02384b718e1c,2026-09-01,2026-09-30,MYS,Shoes,MYR,226,1900.00,4900.00,5107.30,16000.00,220,-0.0005,-0.0005,0.0000
511930797d2224bbf9b05a141851446c,2026-09-01,2026-09-30,MYS,Small Leather Goods,MYR,189,1000.00,2450.00,3652.65,19700.00,184,0.0502,0.0482,0.8152
e79458c4b2536ff803a37dc643e9153d,2026-09-01,2026-09-30,SAU,Accessories,SAR,397,515.00,1950.00,2614.55,21900.00,381,0.0039,0.0079,0.0630
d735579b2f373c169f3b81b44939e90d,2026-09-01,2026-09-30,SAU,Bags,SAR,297,1300.00,11050.00,11297.47,55200.00,291,0.0515,0.0520,0.8557
2e5315404de99478dea6235f92d80644,2026-09-01,2026-09-30,SAU,Shoes,SAR,225,1700.00,4600.00,4803.78,15150.00,219,-0.0005,-0.0005,0.0000
7274d28e9fab93bf0c9e450993e044a1,2026-09-01,2026-09-30,SAU,Small Leather Goods,SAR,195,935.00,2150.00,3251.67,17100.00,189,0.0492,0.0476,0.7989
299fe7d7af6c501f925cb1775deb2603,2026-09-01,2026-09-30,SGP,Accessories,SGD,394,180.00,655.00,900.00,7590.00,375,0.0044,0.0088,0.0693
e0073f3e3ad3668bf4da1698f205b7c4,2026-09-01,2026-09-30,SGP,Bags,SGD,285,435.00,3790.00,3881.82,18120.00,279,0.0515,0.0522,0.8459
2061ba877d75e7a9fa3ac2551bc42534,2026-09-01,2026-09-30,SGP,Shoes,SGD,228,620.00,1580.00,1629.23,5230.00,221,-0.0005,-0.0005,0.0000
309df5d83510c576d4b403a3790e258f,2026-09-01,2026-09-30,SGP,Small Leather Goods,SGD,191,315.00,735.00,1142.91,6260.00,185,0.0487,0.0475,0.8000
7f05a1e87d20db6403353bbdc4993e83,2026-09-01,2026-09-30,THA,Accessories,THB,402,4500.00,16700.00,22696.77,189200.00,384,0.0044,0.0089,0.0703
36e1eaf24f5e93a6ff78561a0b8145bf,2026-09-01,2026-09-30,THA,Bags,THB,296,11300.00,96700.00,97517.57,490500.00,290,0.0518,0.0522,0.8552
d88a12d2047545831a64c01ba4964162,2026-09-01,2026-09-30,THA,Shoes,THB,234,15000.00,39500.00,41358.55,129700.00,228,0.0000,0.0000,0.0000
1c3c9f31c3a3cfe59f9c67da704be543,2026-09-01,2026-09-30,THA,Small Leather Goods,THB,191,8100.00,20300.00,28590.05,150900.00,184,0.0482,0.0468,0.7935
213224e045590e883cb38ae4c1607cd4,2026-09-01,2026-09-30,TWN,Accessories,TWD,391,4000.00,15500.00,21004.35,158900.00,375,0.0045,0.0097,0.0720
0a8b04cc0aaa4e05333c0ae104867123,2026-09-01,2026-09-30,TWN,Bags,TWD,298,10000.00,91200.00,91951.68,437600.00,292,0.0515,0.0520,0.8493
0fad601425352042d75b43f4a947b0b5,2026-09-01,2026-09-30,TWN,Shoes,TWD,221,13900.00,37000.00,38448.87,125400.00,216,0.0000,0.0000,0.0000
ad6c26face95720cbf7bbcb5ae7cf8d0,2026-09-01,2026-09-30,TWN,Small Leather Goods,TWD,190,7400.00,16900.00,26807.89,151200.00,184,0.0483,0.0475,0.7989
40eeec03d259c240dad22db158ac60a3,2026-09-01,2026-09-30,USA,Accessories,USD,424,135.00,500.00,678.29,5900.00,406,0.0050,0.0105,0.0690
7da52821756f0214c620aea0d19e8d3c,2026-09-01,2026-09-30,USA,Bags,USD,302,310.00,2820.00,2916.21,13980.00,296,0.0606,0.0611,0.8615
fe4c2ba4cbe21ec9c7199be9affcb88d,2026-09-01,2026-09-30,USA,Shoes,USD,242,445.00,1180.00,1225.93,3840.00,236,-0.0005,-0.0004,0.0000
de677716a84ce868bb6eb97a53f6851c,2026-09-01,2026-09-30,USA,Small Leather Goods,USD,201,240.00,550.00,850.95,4930.00,195,0.0561,0.0547,0.8000
