dataset,scope,as_of_date,run_id,checked_at,n_results,n_pass,n_warn,n_fail,n_skip,n_blocking_failures,checks_not_passing,gate_decision,is_published,is_forced_release,released_at
legacy_replay,macro,2026-07-31,20261009T193713-93f4be,2026-10-09 19:37:13,36,17,0,0,19,0,,PASS,false,,
legacy_replay,macro,2026-08-31,20261009T193713-93f4be,2026-10-09 19:37:13,51,50,0,0,1,0,,PASS,false,,
legacy_replay,macro,2026-09-30,20261009T193713-93f4be,2026-10-09 19:37:13,66,66,0,0,0,0,,PASS,false,,
legacy_replay,micro,2026-07-07,20261009T193713-93f4be,2026-10-09 19:37:13,20,9,0,0,11,0,,PASS,false,,
legacy_replay,micro,2026-07-14,20261009T193713-93f4be,2026-10-09 19:37:13,27,26,0,0,1,0,,PASS,false,,
legacy_replay,micro,2026-07-21,20261009T193713-93f4be,2026-10-09 19:37:13,34,34,0,0,0,0,,PASS,false,,
legacy_replay,micro,2026-07-28,20261009T193713-93f4be,2026-10-09 19:37:13,34,34,0,0,0,0,,PASS,false,,
legacy_replay,micro,2026-08-04,20261009T193713-93f4be,2026-10-09 19:37:13,34,34,0,0,0,0,,PASS,false,,
legacy_replay,micro,2026-08-11,20261009T193713-93f4be,2026-10-09 19:37:13,34,34,0,0,0,0,,PASS,false,,
legacy_replay,micro,2026-08-18,20261009T193713-93f4be,2026-10-09 19:37:13,34,32,0,2,0,2,product_count_change,BLOCK,false,,
legacy_replay,micro,2026-08-25,20261009T193713-93f4be,2026-10-09 19:37:13,34,34,0,0,0,0,,PASS,false,,
legacy_replay,micro,2026-09-01,20261009T193713-93f4be,2026-10-09 19:37:13,34,34,0,0,0,0,,PASS,false,,
legacy_replay,micro,2026-09-08,20261009T193713-93f4be,2026-10-09 19:37:13,34,33,1,0,0,0,price_change_share_anomaly,WARN,false,,
legacy_replay,micro,2026-09-15,20261009T193713-93f4be,2026-10-09 19:37:13,34,10,0,24,0,24,price_decrease_share; price_reversion_share; served_crawl_age_days,BLOCK,false,,
legacy_replay,micro,2026-09-22,20261009T193713-93f4be,2026-10-09 19:37:13,34,34,0,0,0,0,,PASS,false,,
legacy_replay,micro,2026-09-29,20261009T193713-93f4be,2026-10-09 19:37:13,34,34,0,0,0,0,,PASS,false,,
marts,macro,2026-07-31,20261009T112332-111505,2026-10-09 11:23:32,51,18,0,0,33,0,,PASS,true,false,2026-10-09 11:23:37
marts,macro,2026-08-31,20261009T112332-111505,2026-10-09 11:23:32,69,68,0,0,1,0,,PASS,true,false,2026-10-09 11:23:39
marts,macro,2026-09-30,20261009T112332-111505,2026-10-09 11:23:32,84,84,0,0,0,0,,PASS,true,false,2026-10-09 11:23:40
marts,micro,2026-07-07,20261009T112332-111505,2026-10-09 11:23:32,25,14,0,0,11,0,,PASS,true,false,2026-10-09 11:23:41
marts,micro,2026-07-14,20261009T112332-111505,2026-10-09 11:23:32,32,31,0,0,1,0,,PASS,true,false,2026-10-09 11:23:42
marts,micro,2026-07-21,20261009T112332-111505,2026-10-09 11:23:32,39,39,0,0,0,0,,PASS,true,false,2026-10-09 11:23:43
marts,micro,2026-07-28,20261009T112332-111505,2026-10-09 11:23:32,39,38,1,0,0,0,hero_carried_forward,WARN,true,false,2026-10-09 11:23:44
marts,micro,2026-08-04,20261009T112332-111505,2026-10-09 11:23:32,39,39,0,0,0,0,,PASS,true,false,2026-10-09 11:23:45
marts,micro,2026-08-11,20261009T112332-111505,2026-10-09 11:23:32,39,39,0,0,0,0,,PASS,true,false,2026-10-09 11:23:47
marts,micro,2026-08-18,20261009T112332-111505,2026-10-09 11:23:32,39,35,4,0,0,0,hero_carried_forward; hero_stale_share; served_crawl_age_days,WARN,true,false,2026-10-09 11:23:48
marts,micro,2026-08-25,20261009T112332-111505,2026-10-09 11:23:32,39,39,0,0,0,0,,PASS,true,false,2026-10-09 11:23:49
marts,micro,2026-09-01,20261009T112332-111505,2026-10-09 11:23:32,39,39,0,0,0,0,,PASS,true,false,2026-10-09 11:23:50
marts,micro,2026-09-08,20261009T112332-111505,2026-10-09 11:23:32,39,37,2,0,0,0,hero_carried_forward; price_change_share_anomaly,WARN,true,false,2026-10-09 11:23:51
marts,micro,2026-09-15,20261009T112332-111505,2026-10-09 11:23:32,39,36,3,0,0,0,hero_large_moves; hero_stale_share; served_crawl_age_days,WARN,true,false,2026-10-09 11:23:53
marts,micro,2026-09-22,20261009T112332-111505,2026-10-09 11:23:32,39,38,1,0,0,0,hero_large_moves,WARN,true,false,2026-10-09 11:23:54
marts,micro,2026-09-29,20261009T112332-111505,2026-10-09 11:23:32,39,39,0,0,0,0,,PASS,true,false,2026-10-09 11:23:55
