as_of_date,market,point_in_time_crawl_date,legacy_crawl_date,legacy_file,n_products_point_in_time,n_products_legacy,n_missing_in_legacy,n_extra_in_legacy,n_price_differences,share_prices_different,legacy_would_be_wrong
2026-07-07,ARE,2026-07-06,2026-07-06,crawl_2026-07-06_1783324611401_balenciaga.ndjson.gz,1613,1613,0,0,0,0.0,false
2026-07-07,CHN,2026-07-06,2026-07-06,crawl_2026-07-06_1783324611401_balenciaga.ndjson.gz,1203,1203,0,0,0,0.0,false
2026-07-07,FRA,2026-07-06,2026-07-06,crawl_2026-07-06_1783324611401_balenciaga.ndjson.gz,1643,1643,0,0,0,0.0,false
2026-07-07,GBR,2026-07-06,2026-07-06,crawl_2026-07-06_1783324611401_balenciaga.ndjson.gz,1648,1648,0,0,0,0.0,false
2026-07-07,HKG,2026-07-06,2026-07-06,crawl_2026-07-06_1783324611401_balenciaga.ndjson.gz,1594,1594,0,0,0,0.0,false
2026-07-07,JPN,2026-07-06,2026-07-06,crawl_2026-07-06_1783324611401_balenciaga.ndjson.gz,1671,1671,0,0,0,0.0,false
2026-07-07,KOR,2026-07-06,2026-07-06,crawl_2026-07-06_1783324611401_balenciaga.ndjson.gz,1615,1615,0,0,0,0.0,false
2026-07-07,USA,2026-07-06,2026-07-06,crawl_2026-07-06_1783324611401_balenciaga.ndjson.gz,1712,1712,0,0,0,0.0,false
2026-07-14,ARE,2026-07-13,2026-07-13,crawl_2026-07-13_1783924603251_balenciaga.ndjson.gz,1616,1616,0,0,0,0.0,false
2026-07-14,CHN,2026-07-13,2026-07-13,crawl_2026-07-13_1783924603251_balenciaga.ndjson.gz,1207,1207,0,0,0,0.0,false
2026-07-14,FRA,2026-07-13,2026-07-13,crawl_2026-07-13_1783924603251_balenciaga.ndjson.gz,1642,1642,0,0,0,0.0,false
2026-07-14,GBR,2026-07-13,2026-07-13,crawl_2026-07-13_1783924603251_balenciaga.ndjson.gz,1645,1645,0,0,0,0.0,false
2026-07-14,HKG,2026-07-13,2026-07-13,crawl_2026-07-13_1783924603251_balenciaga.ndjson.gz,1596,1596,0,0,0,0.0,false
2026-07-14,JPN,2026-07-13,2026-07-13,crawl_2026-07-13_1783924603251_balenciaga.ndjson.gz,1672,1672,0,0,0,0.0,false
2026-07-14,KOR,2026-07-13,2026-07-13,crawl_2026-07-13_1783924603251_balenciaga.ndjson.gz,1615,1615,0,0,0,0.0,false
2026-07-14,USA,2026-07-13,2026-07-13,crawl_2026-07-13_1783924603251_balenciaga.ndjson.gz,1710,1710,0,0,0,0.0,false
2026-07-21,ARE,2026-07-20,2026-07-20,crawl_2026-07-20_1784535422659_balenciaga.ndjson.gz,1619,1619,0,0,0,0.0,false
2026-07-21,CHN,2026-07-20,2026-07-20,crawl_2026-07-20_1784535422659_balenciaga.ndjson.gz,1209,1209,0,0,0,0.0,false
2026-07-21,FRA,2026-07-20,2026-07-20,crawl_2026-07-20_1784535422659_balenciaga.ndjson.gz,1647,1647,0,0,0,0.0,false
2026-07-21,GBR,2026-07-20,2026-07-20,crawl_2026-07-20_1784535422659_balenciaga.ndjson.gz,1652,1652,0,0,0,0.0,false
2026-07-21,HKG,2026-07-20,2026-07-20,crawl_2026-07-20_1784535422659_balenciaga.ndjson.gz,1599,1599,0,0,0,0.0,false
2026-07-21,JPN,2026-07-20,2026-07-20,crawl_2026-07-20_1784535422659_balenciaga.ndjson.gz,1678,1678,0,0,0,0.0,false
2026-07-21,KOR,2026-07-20,2026-07-20,crawl_2026-07-20_1784535422659_balenciaga.ndjson.gz,1623,1623,0,0,0,0.0,false
2026-07-21,USA,2026-07-20,2026-07-20,crawl_2026-07-20_1784535422659_balenciaga.ndjson.gz,1718,1718,0,0,0,0.0,false
2026-07-28,ARE,2026-07-27,2026-07-27,crawl_2026-07-27_1785159002474_balenciaga.ndjson.gz,1624,1624,0,0,0,0.0,false
2026-07-28,AUS,2026-07-27,2026-07-27,crawl_2026-07-27_1785159002474_balenciaga.ndjson.gz,1611,1611,0,0,0,0.0,false
2026-07-28,CAN,2026-07-27,2026-07-27,crawl_2026-07-27_1785159002474_balenciaga.ndjson.gz,1636,1636,0,0,0,0.0,false
2026-07-28,CHN,2026-07-27,2026-07-27,crawl_2026-07-27_1785159002474_balenciaga.ndjson.gz,1208,1208,0,0,0,0.0,false
2026-07-28,FRA,2026-07-27,2026-07-27,crawl_2026-07-27_1785159002474_balenciaga.ndjson.gz,1651,1651,0,0,0,0.0,false
2026-07-28,GBR,2026-07-27,2026-07-27,crawl_2026-07-27_1785159002474_balenciaga.ndjson.gz,1654,1654,0,0,0,0.0,false
2026-07-28,HKG,2026-07-27,2026-07-27,crawl_2026-07-27_1785159002474_balenciaga.ndjson.gz,1604,1604,0,0,0,0.0,false
2026-07-28,JPN,2026-07-27,2026-07-27,crawl_2026-07-27_1785159002474_balenciaga.ndjson.gz,1678,1678,0,0,0,0.0,false
2026-07-28,KOR,2026-07-27,2026-07-27,crawl_2026-07-27_1785159002474_balenciaga.ndjson.gz,1628,1628,0,0,0,0.0,false
2026-07-28,MEX,2026-07-27,2026-07-27,crawl_2026-07-27_1785159002474_balenciaga.ndjson.gz,394,394,0,0,0,0.0,false
2026-07-28,MYS,2026-07-27,2026-07-27,crawl_2026-07-27_1785159002474_balenciaga.ndjson.gz,1613,1613,0,0,0,0.0,false
2026-07-28,SAU,2026-07-27,2026-07-27,crawl_2026-07-27_1785159002474_balenciaga.ndjson.gz,1635,1635,0,0,0,0.0,false
2026-07-28,SGP,2026-07-27,2026-07-27,crawl_2026-07-27_1785159002474_balenciaga.ndjson.gz,1610,1610,0,0,0,0.0,false
2026-07-28,THA,2026-07-27,2026-07-27,crawl_2026-07-27_1785159002474_balenciaga.ndjson.gz,1630,1630,0,0,0,0.0,false
2026-07-28,TWN,2026-07-27,2026-07-27,crawl_2026-07-27_1785159002474_balenciaga.ndjson.gz,1625,1625,0,0,0,0.0,false
2026-07-28,USA,2026-07-27,2026-07-27,crawl_2026-07-27_1785159002474_balenciaga.ndjson.gz,1720,1720,0,0,0,0.0,false
2026-07-31,ARE,2026-07-27,2026-07-27,crawl_2026-07-27_1785159002474_balenciaga.ndjson.gz,1624,1624,0,0,0,0.0,false
2026-07-31,AUS,2026-07-27,2026-07-27,crawl_2026-07-27_1785159002474_balenciaga.ndjson.gz,1611,1611,0,0,0,0.0,false
2026-07-31,CAN,2026-07-27,2026-07-27,crawl_2026-07-27_1785159002474_balenciaga.ndjson.gz,1636,1636,0,0,0,0.0,false
2026-07-31,CHN,2026-07-27,2026-07-27,crawl_2026-07-27_1785159002474_balenciaga.ndjson.gz,1208,1208,0,0,0,0.0,false
2026-07-31,FRA,2026-07-27,2026-07-27,crawl_2026-07-27_1785159002474_balenciaga.ndjson.gz,1651,1651,0,0,0,0.0,false
2026-07-31,GBR,2026-07-27,2026-07-27,crawl_2026-07-27_1785159002474_balenciaga.ndjson.gz,1654,1654,0,0,0,0.0,false
2026-07-31,HKG,2026-07-27,2026-07-27,crawl_2026-07-27_1785159002474_balenciaga.ndjson.gz,1604,1604,0,0,0,0.0,false
2026-07-31,JPN,2026-07-27,2026-07-27,crawl_2026-07-27_1785159002474_balenciaga.ndjson.gz,1678,1678,0,0,0,0.0,false
2026-07-31,KOR,2026-07-27,2026-07-27,crawl_2026-07-27_1785159002474_balenciaga.ndjson.gz,1628,1628,0,0,0,0.0,false
2026-07-31,MEX,2026-07-27,2026-07-27,crawl_2026-07-27_1785159002474_balenciaga.ndjson.gz,394,394,0,0,0,0.0,false
2026-07-31,MYS,2026-07-27,2026-07-27,crawl_2026-07-27_1785159002474_balenciaga.ndjson.gz,1613,1613,0,0,0,0.0,false
2026-07-31,SAU,2026-07-27,2026-07-27,crawl_2026-07-27_1785159002474_balenciaga.ndjson.gz,1635,1635,0,0,0,0.0,false
2026-07-31,SGP,2026-07-27,2026-07-27,crawl_2026-07-27_1785159002474_balenciaga.ndjson.gz,1610,1610,0,0,0,0.0,false
2026-07-31,THA,2026-07-27,2026-07-27,crawl_2026-07-27_1785159002474_balenciaga.ndjson.gz,1630,1630,0,0,0,0.0,false
2026-07-31,TWN,2026-07-27,2026-07-27,crawl_2026-07-27_1785159002474_balenciaga.ndjson.gz,1625,1625,0,0,0,0.0,false
2026-07-31,USA,2026-07-27,2026-07-27,crawl_2026-07-27_1785159002474_balenciaga.ndjson.gz,1720,1720,0,0,0,0.0,false
2026-08-04,ARE,2026-08-03,2026-08-03,crawl_2026-08-03_1785738411234_balenciaga.ndjson.gz,1630,1630,0,0,0,0.0,false
2026-08-04,AUS,2026-07-27,2026-07-27,crawl_2026-07-27_1785159002474_balenciaga.ndjson.gz,1611,1611,0,0,0,0.0,false
2026-08-04,CAN,2026-07-27,2026-07-27,crawl_2026-07-27_1785159002474_balenciaga.ndjson.gz,1636,1636,0,0,0,0.0,false
2026-08-04,CHN,2026-08-03,2026-08-03,crawl_2026-08-03_1785738411234_balenciaga.ndjson.gz,1219,1219,0,0,0,0.0,false
2026-08-04,FRA,2026-08-03,2026-08-03,crawl_2026-08-03_1785738411234_balenciaga.ndjson.gz,1658,1658,0,0,0,0.0,false
2026-08-04,GBR,2026-08-03,2026-08-03,crawl_2026-08-03_1785738411234_balenciaga.ndjson.gz,1660,1660,0,0,0,0.0,false
2026-08-04,HKG,2026-08-03,2026-08-03,crawl_2026-08-03_1785738411234_balenciaga.ndjson.gz,1612,1612,0,0,0,0.0,false
2026-08-04,JPN,2026-08-03,2026-08-03,crawl_2026-08-03_1785738411234_balenciaga.ndjson.gz,1689,1689,0,0,0,0.0,false
2026-08-04,KOR,2026-08-03,2026-08-03,crawl_2026-08-03_1785738411234_balenciaga.ndjson.gz,1635,1635,0,0,0,0.0,false
2026-08-04,MEX,2026-07-27,2026-07-27,crawl_2026-07-27_1785159002474_balenciaga.ndjson.gz,394,394,0,0,0,0.0,false
2026-08-04,MYS,2026-07-27,2026-07-27,crawl_2026-07-27_1785159002474_balenciaga.ndjson.gz,1613,1613,0,0,0,0.0,false
2026-08-04,SAU,2026-07-27,2026-07-27,crawl_2026-07-27_1785159002474_balenciaga.ndjson.gz,1635,1635,0,0,0,0.0,false
2026-08-04,SGP,2026-07-27,2026-07-27,crawl_2026-07-27_1785159002474_balenciaga.ndjson.gz,1610,1610,0,0,0,0.0,false
2026-08-04,THA,2026-07-27,2026-07-27,crawl_2026-07-27_1785159002474_balenciaga.ndjson.gz,1630,1630,0,0,0,0.0,false
2026-08-04,TWN,2026-07-27,2026-07-27,crawl_2026-07-27_1785159002474_balenciaga.ndjson.gz,1625,1625,0,0,0,0.0,false
2026-08-04,USA,2026-08-03,2026-08-03,crawl_2026-08-03_1785738411234_balenciaga.ndjson.gz,1732,1732,0,0,0,0.0,false
2026-08-11,ARE,2026-08-10,2026-08-10,crawl_2026-08-10_1786349891071_balenciaga.ndjson.gz,1634,1634,0,0,0,0.0,false
2026-08-11,AUS,2026-07-27,2026-07-27,crawl_2026-07-27_1785159002474_balenciaga.ndjson.gz,1611,1611,0,0,0,0.0,false
2026-08-11,CAN,2026-07-27,2026-07-27,crawl_2026-07-27_1785159002474_balenciaga.ndjson.gz,1636,1636,0,0,0,0.0,false
2026-08-11,CHN,2026-08-10,2026-08-10,crawl_2026-08-10_1786349891071_balenciaga.ndjson.gz,1215,1215,0,0,0,0.0,false
2026-08-11,FRA,2026-08-10,2026-08-10,crawl_2026-08-10_1786349891071_balenciaga.ndjson.gz,1660,1660,0,0,0,0.0,false
2026-08-11,GBR,2026-08-10,2026-08-10,crawl_2026-08-10_1786349891071_balenciaga.ndjson.gz,1665,1665,0,0,0,0.0,false
2026-08-11,HKG,2026-08-10,2026-08-10,crawl_2026-08-10_1786349891071_balenciaga.ndjson.gz,1615,1615,0,0,0,0.0,false
2026-08-11,JPN,2026-08-10,2026-08-10,crawl_2026-08-10_1786349891071_balenciaga.ndjson.gz,1691,1691,0,0,0,0.0,false
2026-08-11,KOR,2026-08-10,2026-08-10,crawl_2026-08-10_1786349891071_balenciaga.ndjson.gz,1641,1641,0,0,0,0.0,false
2026-08-11,MEX,2026-07-27,2026-07-27,crawl_2026-07-27_1785159002474_balenciaga.ndjson.gz,394,394,0,0,0,0.0,false
2026-08-11,MYS,2026-07-27,2026-07-27,crawl_2026-07-27_1785159002474_balenciaga.ndjson.gz,1613,1613,0,0,0,0.0,false
2026-08-11,SAU,2026-07-27,2026-07-27,crawl_2026-07-27_1785159002474_balenciaga.ndjson.gz,1635,1635,0,0,0,0.0,false
2026-08-11,SGP,2026-07-27,2026-07-27,crawl_2026-07-27_1785159002474_balenciaga.ndjson.gz,1610,1610,0,0,0,0.0,false
2026-08-11,THA,2026-07-27,2026-07-27,crawl_2026-07-27_1785159002474_balenciaga.ndjson.gz,1630,1630,0,0,0,0.0,false
2026-08-11,TWN,2026-07-27,2026-07-27,crawl_2026-07-27_1785159002474_balenciaga.ndjson.gz,1625,1625,0,0,0,0.0,false
2026-08-11,USA,2026-08-10,2026-08-10,crawl_2026-08-10_1786349891071_balenciaga.ndjson.gz,1732,1732,0,0,0,0.0,false
2026-08-18,ARE,2026-08-17,2026-08-17,crawl_2026-08-17_1786949846704_balenciaga.ndjson.gz,1633,1633,0,0,0,0.0,false
2026-08-18,AUS,2026-07-27,2026-07-27,crawl_2026-07-27_1785159002474_balenciaga.ndjson.gz,1611,1611,0,0,0,0.0,false
2026-08-18,CAN,2026-07-27,2026-07-27,crawl_2026-07-27_1785159002474_balenciaga.ndjson.gz,1636,1636,0,0,0,0.0,false
2026-08-18,CHN,2026-08-17,2026-08-17,crawl_2026-08-17_1786949846704_balenciaga.ndjson.gz,1216,1216,0,0,0,0.0,false
2026-08-18,FRA,2026-08-17,2026-08-17,crawl_2026-08-17_1786949846704_balenciaga.ndjson.gz,1659,1659,0,0,0,0.0,false
2026-08-18,GBR,2026-08-17,2026-08-17,crawl_2026-08-17_1786949846704_balenciaga.ndjson.gz,1666,1666,0,0,0,0.0,false
2026-08-18,HKG,2026-08-10,2026-08-17,crawl_2026-08-17_1786949846704_balenciaga.ndjson.gz,1615,726,894,5,0,0.0,true
2026-08-18,JPN,2026-08-17,2026-08-17,crawl_2026-08-17_1786949846704_balenciaga.ndjson.gz,1691,1691,0,0,0,0.0,false
2026-08-18,KOR,2026-08-10,2026-08-17,crawl_2026-08-17_1786949846704_balenciaga.ndjson.gz,1641,738,908,5,0,0.0,true
2026-08-18,MEX,2026-07-27,2026-07-27,crawl_2026-07-27_1785159002474_balenciaga.ndjson.gz,394,394,0,0,0,0.0,false
2026-08-18,MYS,2026-07-27,2026-07-27,crawl_2026-07-27_1785159002474_balenciaga.ndjson.gz,1613,1613,0,0,0,0.0,false
2026-08-18,SAU,2026-07-27,2026-07-27,crawl_2026-07-27_1785159002474_balenciaga.ndjson.gz,1635,1635,0,0,0,0.0,false
2026-08-18,SGP,2026-07-27,2026-07-27,crawl_2026-07-27_1785159002474_balenciaga.ndjson.gz,1610,1610,0,0,0,0.0,false
2026-08-18,THA,2026-07-27,2026-07-27,crawl_2026-07-27_1785159002474_balenciaga.ndjson.gz,1630,1630,0,0,0,0.0,false
2026-08-18,TWN,2026-07-27,2026-07-27,crawl_2026-07-27_1785159002474_balenciaga.ndjson.gz,1625,1625,0,0,0,0.0,false
2026-08-18,USA,2026-08-17,2026-08-17,crawl_2026-08-17_1786949846704_balenciaga.ndjson.gz,1733,1733,0,0,0,0.0,false
2026-08-25,ARE,2026-08-24,2026-08-24,crawl_2026-08-24_1787560524491_balenciaga.ndjson.gz,1642,1642,0,0,0,0.0,false
2026-08-25,AUS,2026-07-27,2026-07-27,crawl_2026-07-27_1785159002474_balenciaga.ndjson.gz,1611,1611,0,0,0,0.0,false
2026-08-25,CAN,2026-07-27,2026-07-27,crawl_2026-07-27_1785159002474_balenciaga.ndjson.gz,1636,1636,0,0,0,0.0,false
2026-08-25,CHN,2026-08-24,2026-08-24,crawl_2026-08-24_1787560524491_balenciaga.ndjson.gz,1220,1220,0,0,0,0.0,false
2026-08-25,FRA,2026-08-24,2026-08-24,crawl_2026-08-24_1787560524491_balenciaga.ndjson.gz,1666,1666,0,0,0,0.0,false
2026-08-25,GBR,2026-08-24,2026-08-24,crawl_2026-08-24_1787560524491_balenciaga.ndjson.gz,1672,1672,0,0,0,0.0,false
2026-08-25,HKG,2026-08-24,2026-08-24,crawl_2026-08-24_1787560524491_balenciaga.ndjson.gz,1621,1621,0,0,0,0.0,false
2026-08-25,JPN,2026-08-24,2026-08-24,crawl_2026-08-24_1787560524491_balenciaga.ndjson.gz,1699,1699,0,0,0,0.0,false
2026-08-25,KOR,2026-08-24,2026-08-24,crawl_2026-08-24_1787560524491_balenciaga.ndjson.gz,1647,1647,0,0,0,0.0,false
2026-08-25,MEX,2026-07-27,2026-07-27,crawl_2026-07-27_1785159002474_balenciaga.ndjson.gz,394,394,0,0,0,0.0,false
2026-08-25,MYS,2026-07-27,2026-07-27,crawl_2026-07-27_1785159002474_balenciaga.ndjson.gz,1613,1613,0,0,0,0.0,false
2026-08-25,SAU,2026-07-27,2026-07-27,crawl_2026-07-27_1785159002474_balenciaga.ndjson.gz,1635,1635,0,0,0,0.0,false
2026-08-25,SGP,2026-07-27,2026-07-27,crawl_2026-07-27_1785159002474_balenciaga.ndjson.gz,1610,1610,0,0,0,0.0,false
2026-08-25,THA,2026-07-27,2026-07-27,crawl_2026-07-27_1785159002474_balenciaga.ndjson.gz,1630,1630,0,0,0,0.0,false
2026-08-25,TWN,2026-07-27,2026-07-27,crawl_2026-07-27_1785159002474_balenciaga.ndjson.gz,1625,1625,0,0,0,0.0,false
2026-08-25,USA,2026-08-24,2026-08-24,crawl_2026-08-24_1787560524491_balenciaga.ndjson.gz,1741,1741,0,0,0,0.0,false
2026-08-31,ARE,2026-08-31,2026-08-31,crawl_2026-08-31_1788166297915_balenciaga.ndjson.gz,1650,1650,0,0,0,0.0,false
2026-08-31,AUS,2026-08-31,2026-08-31,crawl_2026-08-31_1788166297915_balenciaga.ndjson.gz,1639,1639,0,0,0,0.0,false
2026-08-31,CAN,2026-08-31,2026-08-31,crawl_2026-08-31_1788166297915_balenciaga.ndjson.gz,1660,1660,0,0,0,0.0,false
2026-08-31,CHN,2026-08-31,2026-08-31,crawl_2026-08-31_1788166297915_balenciaga.ndjson.gz,1227,1227,0,0,0,0.0,false
2026-08-31,FRA,2026-08-31,2026-08-31,crawl_2026-08-31_1788166297915_balenciaga.ndjson.gz,1671,1671,0,0,0,0.0,false
2026-08-31,GBR,2026-08-31,2026-08-31,crawl_2026-08-31_1788166297915_balenciaga.ndjson.gz,1683,1683,0,0,0,0.0,false
2026-08-31,HKG,2026-08-31,2026-08-31,crawl_2026-08-31_1788166297915_balenciaga.ndjson.gz,1626,1626,0,0,0,0.0,false
2026-08-31,JPN,2026-08-31,2026-08-31,crawl_2026-08-31_1788166297915_balenciaga.ndjson.gz,1706,1706,0,0,0,0.0,false
2026-08-31,KOR,2026-08-31,2026-08-31,crawl_2026-08-31_1788166297915_balenciaga.ndjson.gz,1655,1655,0,0,0,0.0,false
2026-08-31,MEX,2026-08-31,2026-08-31,crawl_2026-08-31_1788166297915_balenciaga.ndjson.gz,401,401,0,0,0,0.0,false
2026-08-31,MYS,2026-08-31,2026-08-31,crawl_2026-08-31_1788166297915_balenciaga.ndjson.gz,1643,1643,0,0,0,0.0,false
2026-08-31,SAU,2026-08-31,2026-08-31,crawl_2026-08-31_1788166297915_balenciaga.ndjson.gz,1661,1661,0,0,0,0.0,false
2026-08-31,SGP,2026-08-31,2026-08-31,crawl_2026-08-31_1788166297915_balenciaga.ndjson.gz,1632,1632,0,0,0,0.0,false
2026-08-31,THA,2026-08-31,2026-08-31,crawl_2026-08-31_1788166297915_balenciaga.ndjson.gz,1659,1659,0,0,0,0.0,false
2026-08-31,TWN,2026-08-31,2026-08-31,crawl_2026-08-31_1788166297915_balenciaga.ndjson.gz,1652,1652,0,0,0,0.0,false
2026-08-31,USA,2026-08-31,2026-08-31,crawl_2026-08-31_1788166297915_balenciaga.ndjson.gz,1751,1751,0,0,0,0.0,false
2026-09-01,ARE,2026-08-31,2026-08-31,crawl_2026-08-31_1788166297915_balenciaga.ndjson.gz,1650,1650,0,0,0,0.0,false
2026-09-01,AUS,2026-08-31,2026-08-31,crawl_2026-08-31_1788166297915_balenciaga.ndjson.gz,1639,1639,0,0,0,0.0,false
2026-09-01,CAN,2026-08-31,2026-08-31,crawl_2026-08-31_1788166297915_balenciaga.ndjson.gz,1660,1660,0,0,0,0.0,false
2026-09-01,CHN,2026-08-31,2026-08-31,crawl_2026-08-31_1788166297915_balenciaga.ndjson.gz,1227,1227,0,0,0,0.0,false
2026-09-01,FRA,2026-08-31,2026-08-31,crawl_2026-08-31_1788166297915_balenciaga.ndjson.gz,1671,1671,0,0,0,0.0,false
2026-09-01,GBR,2026-08-31,2026-08-31,crawl_2026-08-31_1788166297915_balenciaga.ndjson.gz,1683,1683,0,0,0,0.0,false
2026-09-01,HKG,2026-08-31,2026-08-31,crawl_2026-08-31_1788166297915_balenciaga.ndjson.gz,1626,1626,0,0,0,0.0,false
2026-09-01,JPN,2026-08-31,2026-08-31,crawl_2026-08-31_1788166297915_balenciaga.ndjson.gz,1706,1706,0,0,0,0.0,false
2026-09-01,KOR,2026-08-31,2026-08-31,crawl_2026-08-31_1788166297915_balenciaga.ndjson.gz,1655,1655,0,0,0,0.0,false
2026-09-01,MEX,2026-08-31,2026-08-31,crawl_2026-08-31_1788166297915_balenciaga.ndjson.gz,401,401,0,0,0,0.0,false
2026-09-01,MYS,2026-08-31,2026-08-31,crawl_2026-08-31_1788166297915_balenciaga.ndjson.gz,1643,1643,0,0,0,0.0,false
2026-09-01,SAU,2026-08-31,2026-08-31,crawl_2026-08-31_1788166297915_balenciaga.ndjson.gz,1661,1661,0,0,0,0.0,false
2026-09-01,SGP,2026-08-31,2026-08-31,crawl_2026-08-31_1788166297915_balenciaga.ndjson.gz,1632,1632,0,0,0,0.0,false
2026-09-01,THA,2026-08-31,2026-08-31,crawl_2026-08-31_1788166297915_balenciaga.ndjson.gz,1659,1659,0,0,0,0.0,false
2026-09-01,TWN,2026-08-31,2026-08-31,crawl_2026-08-31_1788166297915_balenciaga.ndjson.gz,1652,1652,0,0,0,0.0,false
2026-09-01,USA,2026-08-31,2026-08-31,crawl_2026-08-31_1788166297915_balenciaga.ndjson.gz,1751,1751,0,0,0,0.0,false
2026-09-08,ARE,2026-09-07,2026-09-07,crawl_2026-09-07_1788782076237_balenciaga.ndjson.gz,1646,1646,0,0,0,0.0,false
2026-09-08,AUS,2026-08-31,2026-08-31,crawl_2026-08-31_1788166297915_balenciaga.ndjson.gz,1639,1639,0,0,0,0.0,false
2026-09-08,CAN,2026-08-31,2026-08-31,crawl_2026-08-31_1788166297915_balenciaga.ndjson.gz,1660,1660,0,0,0,0.0,false
2026-09-08,CHN,2026-09-07,2026-09-07,crawl_2026-09-07_1788782076237_balenciaga.ndjson.gz,1222,1222,0,0,0,0.0,false
2026-09-08,FRA,2026-09-07,2026-09-07,crawl_2026-09-07_1788782076237_balenciaga.ndjson.gz,1666,1666,0,0,0,0.0,false
2026-09-08,GBR,2026-09-07,2026-09-07,crawl_2026-09-07_1788782076237_balenciaga.ndjson.gz,1677,1677,0,0,0,0.0,false
2026-09-08,HKG,2026-09-07,2026-09-07,crawl_2026-09-07_1788782076237_balenciaga.ndjson.gz,1626,1626,0,0,0,0.0,false
2026-09-08,JPN,2026-09-07,2026-09-07,crawl_2026-09-07_1788782076237_balenciaga.ndjson.gz,1706,1706,0,0,0,0.0,false
2026-09-08,KOR,2026-09-07,2026-09-07,crawl_2026-09-07_1788782076237_balenciaga.ndjson.gz,1653,1653,0,0,0,0.0,false
2026-09-08,MEX,2026-08-31,2026-08-31,crawl_2026-08-31_1788166297915_balenciaga.ndjson.gz,401,401,0,0,0,0.0,false
2026-09-08,MYS,2026-08-31,2026-08-31,crawl_2026-08-31_1788166297915_balenciaga.ndjson.gz,1643,1643,0,0,0,0.0,false
2026-09-08,SAU,2026-08-31,2026-08-31,crawl_2026-08-31_1788166297915_balenciaga.ndjson.gz,1661,1661,0,0,0,0.0,false
2026-09-08,SGP,2026-08-31,2026-08-31,crawl_2026-08-31_1788166297915_balenciaga.ndjson.gz,1632,1632,0,0,0,0.0,false
2026-09-08,THA,2026-08-31,2026-08-31,crawl_2026-08-31_1788166297915_balenciaga.ndjson.gz,1659,1659,0,0,0,0.0,false
2026-09-08,TWN,2026-08-31,2026-08-31,crawl_2026-08-31_1788166297915_balenciaga.ndjson.gz,1652,1652,0,0,0,0.0,false
2026-09-08,USA,2026-09-07,2026-09-07,crawl_2026-09-07_1788782076237_balenciaga.ndjson.gz,1746,1746,0,0,0,0.0,false
2026-09-15,ARE,2026-09-14,2026-08-31,crawl_2026-09-15_1789463520000_balenciaga.ndjson.gz,1649,1650,20,21,425,0.2609,true
2026-09-15,AUS,2026-08-31,2026-08-31,crawl_2026-09-15_1789463520000_balenciaga.ndjson.gz,1639,1639,0,0,0,0.0,false
2026-09-15,CAN,2026-08-31,2026-08-31,crawl_2026-09-15_1789463520000_balenciaga.ndjson.gz,1660,1660,0,0,0,0.0,false
2026-09-15,CHN,2026-09-14,2026-08-31,crawl_2026-09-15_1789463520000_balenciaga.ndjson.gz,1223,1227,15,19,320,0.2649,true
2026-09-15,FRA,2026-09-14,2026-08-31,crawl_2026-09-15_1789463520000_balenciaga.ndjson.gz,1674,1671,24,21,421,0.2552,true
2026-09-15,GBR,2026-09-14,2026-08-31,crawl_2026-09-15_1789463520000_balenciaga.ndjson.gz,1686,1683,22,19,433,0.2602,true
2026-09-15,HKG,2026-09-14,2026-08-31,crawl_2026-09-15_1789463520000_balenciaga.ndjson.gz,1633,1626,24,17,412,0.2561,true
2026-09-15,JPN,2026-09-07,2026-08-31,crawl_2026-09-15_1789463520000_balenciaga.ndjson.gz,1706,1706,11,11,439,0.259,true
2026-09-15,KOR,2026-09-14,2026-08-31,crawl_2026-09-15_1789463520000_balenciaga.ndjson.gz,1661,1655,24,18,419,0.256,true
2026-09-15,MEX,2026-08-31,2026-08-31,crawl_2026-09-15_1789463520000_balenciaga.ndjson.gz,401,401,0,0,0,0.0,false
2026-09-15,MYS,2026-08-31,2026-08-31,crawl_2026-09-15_1789463520000_balenciaga.ndjson.gz,1643,1643,0,0,0,0.0,false
2026-09-15,SAU,2026-08-31,2026-08-31,crawl_2026-09-15_1789463520000_balenciaga.ndjson.gz,1661,1661,0,0,0,0.0,false
2026-09-15,SGP,2026-08-31,2026-08-31,crawl_2026-09-15_1789463520000_balenciaga.ndjson.gz,1632,1632,0,0,0,0.0,false
2026-09-15,THA,2026-08-31,2026-08-31,crawl_2026-09-15_1789463520000_balenciaga.ndjson.gz,1659,1659,0,0,0,0.0,false
2026-09-15,TWN,2026-08-31,2026-08-31,crawl_2026-09-15_1789463520000_balenciaga.ndjson.gz,1652,1652,0,0,0,0.0,false
2026-09-15,USA,2026-09-14,2026-08-31,crawl_2026-09-15_1789463520000_balenciaga.ndjson.gz,1751,1751,22,22,436,0.2522,true
2026-09-22,ARE,2026-09-21,2026-09-21,crawl_2026-09-21_1789978929505_balenciaga.ndjson.gz,1655,1655,0,0,0,0.0,false
2026-09-22,AUS,2026-08-31,2026-08-31,crawl_2026-09-15_1789463520000_balenciaga.ndjson.gz,1639,1639,0,0,0,0.0,false
2026-09-22,CAN,2026-08-31,2026-08-31,crawl_2026-09-15_1789463520000_balenciaga.ndjson.gz,1660,1660,0,0,0,0.0,false
2026-09-22,CHN,2026-09-21,2026-09-21,crawl_2026-09-21_1789978929505_balenciaga.ndjson.gz,1228,1228,0,0,0,0.0,false
2026-09-22,FRA,2026-09-21,2026-09-21,crawl_2026-09-21_1789978929505_balenciaga.ndjson.gz,1677,1677,0,0,0,0.0,false
2026-09-22,GBR,2026-09-21,2026-09-21,crawl_2026-09-21_1789978929505_balenciaga.ndjson.gz,1686,1686,0,0,0,0.0,false
2026-09-22,HKG,2026-09-21,2026-09-21,crawl_2026-09-21_1789978929505_balenciaga.ndjson.gz,1635,1635,0,0,0,0.0,false
2026-09-22,JPN,2026-09-21,2026-09-21,crawl_2026-09-21_1789978929505_balenciaga.ndjson.gz,1716,1716,0,0,0,0.0,false
2026-09-22,KOR,2026-09-21,2026-09-21,crawl_2026-09-21_1789978929505_balenciaga.ndjson.gz,1658,1658,0,0,0,0.0,false
2026-09-22,MEX,2026-08-31,2026-08-31,crawl_2026-09-15_1789463520000_balenciaga.ndjson.gz,401,401,0,0,0,0.0,false
2026-09-22,MYS,2026-08-31,2026-08-31,crawl_2026-09-15_1789463520000_balenciaga.ndjson.gz,1643,1643,0,0,0,0.0,false
2026-09-22,SAU,2026-08-31,2026-08-31,crawl_2026-09-15_1789463520000_balenciaga.ndjson.gz,1661,1661,0,0,0,0.0,false
2026-09-22,SGP,2026-08-31,2026-08-31,crawl_2026-09-15_1789463520000_balenciaga.ndjson.gz,1632,1632,0,0,0,0.0,false
2026-09-22,THA,2026-08-31,2026-08-31,crawl_2026-09-15_1789463520000_balenciaga.ndjson.gz,1659,1659,0,0,0,0.0,false
2026-09-22,TWN,2026-08-31,2026-08-31,crawl_2026-09-15_1789463520000_balenciaga.ndjson.gz,1652,1652,0,0,0,0.0,false
2026-09-22,USA,2026-09-21,2026-09-21,crawl_2026-09-21_1789978929505_balenciaga.ndjson.gz,1754,1754,0,0,0,0.0,false
2026-09-29,ARE,2026-09-28,2026-09-28,crawl_2026-09-28_1790580879829_balenciaga.ndjson.gz,1667,1667,0,0,0,0.0,false
2026-09-29,AUS,2026-09-28,2026-09-28,crawl_2026-09-28_1790580879829_balenciaga.ndjson.gz,1658,1658,0,0,0,0.0,false
2026-09-29,CAN,2026-09-28,2026-09-28,crawl_2026-09-28_1790580879829_balenciaga.ndjson.gz,1681,1681,0,0,0,0.0,false
2026-09-29,CHN,2026-09-28,2026-09-28,crawl_2026-09-28_1790580879829_balenciaga.ndjson.gz,1236,1236,0,0,0,0.0,false
2026-09-29,FRA,2026-09-28,2026-09-28,crawl_2026-09-28_1790580879829_balenciaga.ndjson.gz,1693,1693,0,0,0,0.0,false
2026-09-29,GBR,2026-09-28,2026-09-28,crawl_2026-09-28_1790580879829_balenciaga.ndjson.gz,1702,1702,0,0,0,0.0,false
2026-09-29,HKG,2026-09-28,2026-09-28,crawl_2026-09-28_1790580879829_balenciaga.ndjson.gz,1648,1648,0,0,0,0.0,false
2026-09-29,JPN,2026-09-28,2026-09-28,crawl_2026-09-28_1790580879829_balenciaga.ndjson.gz,1728,1728,0,0,0,0.0,false
2026-09-29,KOR,2026-09-28,2026-09-28,crawl_2026-09-28_1790580879829_balenciaga.ndjson.gz,1676,1676,0,0,0,0.0,false
2026-09-29,MEX,2026-09-28,2026-09-28,crawl_2026-09-28_1790580879829_balenciaga.ndjson.gz,403,403,0,0,0,0.0,false
2026-09-29,MYS,2026-09-28,2026-09-28,crawl_2026-09-28_1790580879829_balenciaga.ndjson.gz,1663,1663,0,0,0,0.0,false
2026-09-29,SAU,2026-09-28,2026-09-28,crawl_2026-09-28_1790580879829_balenciaga.ndjson.gz,1684,1684,0,0,0,0.0,false
2026-09-29,SGP,2026-09-28,2026-09-28,crawl_2026-09-28_1790580879829_balenciaga.ndjson.gz,1655,1655,0,0,0,0.0,false
2026-09-29,THA,2026-09-28,2026-09-28,crawl_2026-09-28_1790580879829_balenciaga.ndjson.gz,1683,1683,0,0,0,0.0,false
2026-09-29,TWN,2026-09-28,2026-09-28,crawl_2026-09-28_1790580879829_balenciaga.ndjson.gz,1672,1672,0,0,0,0.0,false
2026-09-29,USA,2026-09-28,2026-09-28,crawl_2026-09-28_1790580879829_balenciaga.ndjson.gz,1770,1770,0,0,0,0.0,false
2026-09-30,ARE,2026-09-28,2026-09-28,crawl_2026-09-28_1790580879829_balenciaga.ndjson.gz,1667,1667,0,0,0,0.0,false
2026-09-30,AUS,2026-09-28,2026-09-28,crawl_2026-09-28_1790580879829_balenciaga.ndjson.gz,1658,1658,0,0,0,0.0,false
2026-09-30,CAN,2026-09-28,2026-09-28,crawl_2026-09-28_1790580879829_balenciaga.ndjson.gz,1681,1681,0,0,0,0.0,false
2026-09-30,CHN,2026-09-28,2026-09-28,crawl_2026-09-28_1790580879829_balenciaga.ndjson.gz,1236,1236,0,0,0,0.0,false
2026-09-30,FRA,2026-09-28,2026-09-28,crawl_2026-09-28_1790580879829_balenciaga.ndjson.gz,1693,1693,0,0,0,0.0,false
2026-09-30,GBR,2026-09-28,2026-09-28,crawl_2026-09-28_1790580879829_balenciaga.ndjson.gz,1702,1702,0,0,0,0.0,false
2026-09-30,HKG,2026-09-28,2026-09-28,crawl_2026-09-28_1790580879829_balenciaga.ndjson.gz,1648,1648,0,0,0,0.0,false
2026-09-30,JPN,2026-09-28,2026-09-28,crawl_2026-09-28_1790580879829_balenciaga.ndjson.gz,1728,1728,0,0,0,0.0,false
2026-09-30,KOR,2026-09-28,2026-09-28,crawl_2026-09-28_1790580879829_balenciaga.ndjson.gz,1676,1676,0,0,0,0.0,false
2026-09-30,MEX,2026-09-28,2026-09-28,crawl_2026-09-28_1790580879829_balenciaga.ndjson.gz,403,403,0,0,0,0.0,false
2026-09-30,MYS,2026-09-28,2026-09-28,crawl_2026-09-28_1790580879829_balenciaga.ndjson.gz,1663,1663,0,0,0,0.0,false
2026-09-30,SAU,2026-09-28,2026-09-28,crawl_2026-09-28_1790580879829_balenciaga.ndjson.gz,1684,1684,0,0,0,0.0,false
2026-09-30,SGP,2026-09-28,2026-09-28,crawl_2026-09-28_1790580879829_balenciaga.ndjson.gz,1655,1655,0,0,0,0.0,false
2026-09-30,THA,2026-09-28,2026-09-28,crawl_2026-09-28_1790580879829_balenciaga.ndjson.gz,1683,1683,0,0,0,0.0,false
2026-09-30,TWN,2026-09-28,2026-09-28,crawl_2026-09-28_1790580879829_balenciaga.ndjson.gz,1672,1672,0,0,0,0.0,false
2026-09-30,USA,2026-09-28,2026-09-28,crawl_2026-09-28_1790580879829_balenciaga.ndjson.gz,1770,1770,0,0,0,0.0,false
